time,steps_j1,steps_j2,steps_j3,steps_j4,steps_j5,steps_j6
0.0009084999983315356,0,0,3,0,0,0
0.022582500001590233,10,-10,75,0,-4,1
0.0008911999975680374,0,0,3,0,0,0
0.023965700002008816,11,-10,76,0,-4,1
0.0009384999975736719,0,0,2,0,0,0
0.02300660000037169,11,-10,71,0,-4,1
0.0008283999995910563,0,0,2,0,0,0
0.023655799999687588,11,-10,70,0,-4,1
0.00089990000196849,0,0,2,0,0,0
0.024095000000670552,11,-9,69,0,-4,1
0.0008935000005294569,0,0,2,0,0,0
0.023521699997218093,11,-9,65,0,-4,1
0.0007680000016989652,0,0,2,0,0,0
0.023737999999866588,11,-9,64,0,-4,1
0.0009119999995164108,0,0,2,0,0,0
0.02352949999840348,11,-8,61,0,-3,1
0.00097730000197771,0,0,2,0,0,0
0.02388019999852986,11,-8,60,0,-3,1
0.0009537000005366281,0,0,3,0,0,0
0.023056300000462215,11,-8,57,0,-3,1
0.001031799998600036,0,0,2,0,0,0
0.023967700002685888,12,-8,57,0,-3,1
0.001317999998718733,0,0,2,0,0,0
0.023082899999280926,11,-7,54,0,-3,1
0.0011130999992019497,0,0,2,0,0,0
0.025049200001376448,12,-8,56,0,-3,1
0.0007540000005974434,0,0,2,0,0,0
0.02434730000095442,12,-7,52,0,-3,1
0.0007870999979786575,0,0,2,0,0,0
0.02389000000039232,12,-7,50,0,-3,1
0.0007378000009339303,0,0,1,0,0,0
0.02426959999866085,12,-7,49,0,-2,1
0.0009035000002768356,0,0,2,0,0,0
0.024358400001801783,12,-7,48,0,-2,1
0.0010387999973318074,0,0,2,0,0,0
0.022551000001840293,11,-6,44,0,-2,1
0.0007841999977244996,0,0,1,0,0,0
0.023172400000476046,12,-6,44,0,-2,1
0.0007695000022067688,0,0,1,0,0,0
0.024231799998233328,12,-6,44,0,-2,1
0.0008216000023821834,0,0,1,0,0,0
0.02375679999749991,12,-6,42,0,-2,1
0.000838700001622783,0,0,1,0,0,0
0.022915699999430217,12,-6,40,0,-2,1
0.0007745000002614688,0,0,1,0,0,0
0.024333599998499267,12,-6,41,0,-2,1
0.0009621000026527327,0,0,1,0,0,0
0.023675599997659447,12,-5,39,0,-2,1
0.0008560999995097518,0,0,1,0,0,0
0.023894300000392832,12,-5,38,0,-2,1
0.0008603000023867935,0,0,1,0,0,0
0.024087300000246614,12,-5,37,0,-2,1
0.0009100999996007886,0,0,1,0,0,0
0.024597899999207584,13,-5,37,0,-1,1
0.0008503999997628853,0,0,1,0,0,0
0.024092799998470582,12,-5,36,0,-1,1
0.0009287000029871706,0,0,1,0,0,0
0.023990099998627556,13,-5,34,0,-1,1
0.0008205999984056689,0,0,1,0,0,0
0.02407350000066799,13,-5,33,0,-1,1
0.0007809999988239724,0,0,1,0,0,0
0.024780800002190517,13,-5,33,0,-1,1
0.000901999999769032,0,0,1,0,0,0
0.023440400000254158,12,-4,31,0,-1,1
0.000792799997725524,0,0,1,0,0,0
0.02423080000153277,13,-4,31,0,-1,1
0.0008612999990873504,0,0,1,0,0,0
0.023603600002388703,12,-4,29,0,-1,1
0.0008161000005202368,0,0,1,0,0,0
0.023261499998625368,12,-4,28,0,-1,1
0.000820099998236401,0,0,1,0,0,0
0.02246010000089882,12,-4,26,0,-1,1
0.0009121000002778601,0,0,1,0,0,0
0.02407830000083777,13,-4,28,0,-1,1
0.0007858999997552019,0,0,1,0,0,0
0.023221299998112954,12,-4,26,0,-1,1
0.0008087000023806468,0,0,1,0,0,0
0.024873200000001816,13,-4,26,0,-1,1
0.0009387999998580199,0,0,1,0,0,0
0.023390599999402184,13,-3,24,0,0,1
0.0008756999995966908,0,0,1,0,0,0
0.022458499999629566,12,-3,22,0,0,1
0.0007762000022921711,0,0,1,0,0,0
0.023713999999017688,13,-3,23,0,0,1
0.0008301999987452291,0,0,1,0,0,0
0.023567799999000272,13,-3,22,0,0,1
0.0007838000019546598,0,0,0,0,0,0
0.02326330000141752,13,-3,21,0,0,1
0.0008448999979009386,0,0,1,0,0,0
0.02326570000150241,13,-3,20,0,0,1
0.0008850999984133523,0,0,1,0,0,0
0.02349820000017644,13,-3,20,0,0,1
0.0008683999985805713,0,0,1,0,0,0
0.023436200001015095,13,-3,20,0,0,1
0.000771099999838043,0,0,0,0,0,0
0.02328069999930449,13,-3,18,0,0,1
0.000885299999936251,0,0,0,0,0,0
0.02349330000288319,13,-2,18,0,0,1
0.0009161999987554736,0,0,0,0,0,0
0.024597399999038316,13,-2,18,0,0,1
0.0008908000017981976,0,0,0,0,0,0
0.02343539999856148,13,-2,16,0,0,1
0.0009501999993517529,0,0,1,0,0,0
0.02312970000275527,13,-2,16,0,0,1
0.0010048999974969774,0,0,0,0,0,0
0.0234496000011859,13,-2,16,0,0,1
0.0011745999981940258,0,0,0,0,0,0
0.02284250000229804,13,-2,14,0,0,1
0.0008335999991686549,0,0,0,0,0,0
0.023663200001465157,13,-2,14,0,0,1
0.0008116999997582752,0,0,0,0,0,0
0.023847399999795016,13,-2,13,0,0,1
0.0009142999988398515,0,0,0,0,0,0
0.023303099998884136,13,-2,13,0,0,1
0.0008142000006046146,0,0,0,0,0,0
0.02357069999925443,13,-1,12,0,0,1
0.0008600000001024455,0,0,0,0,0,0
0.023670200000196928,13,-1,12,0,0,1
0.0008661000028951094,0,0,0,0,0,0
0.023531599999842,13,-1,10,0,0,1
0.0008883999980753288,0,0,0,0,0,0
0.025209899999026675,14,-1,11,0,0,1
0.0008916000006138347,0,0,0,0,0,0
0.023491600000852486,13,-1,9,0,0,1
0.0009174000006169081,0,0,0,0,0,0
0.023974100000486942,13,-1,9,0,0,1
0.0008883999980753288,0,0,0,0,0,0
0.023124800001824042,13,-1,8,0,0,1
0.0008557999972254038,0,0,0,0,0,0
0.024541900002077455,14,-1,8,0,0,1
0.0008146000000124332,0,0,0,0,0,0
0.02365089999875636,13,-1,7,0,0,1
0.0008921000007831026,0,0,0,0,0,0
0.02407880000100704,13,-1,6,0,0,1
0.000856399998156121,0,0,0,0,0,0
0.02317140000013751,13,0,5,0,0,1
0.0008626000017102342,0,0,0,0,0,0
0.02454559999750927,14,0,5,0,0,1
0.0009322000005340669,0,0,0,0,0,0
0.02307239999936428,13,0,4,0,0,1
0.0008952000025601592,0,0,0,0,0,0
0.022144700000353623,12,0,4,0,0,1
0.0008543999974790495,0,0,0,0,0,0
0.023588100000779377,13,0,3,0,0,1
0.0008224000011978205,0,0,0,0,0,0
0.02401829999871552,13,0,2,0,0,1
0.0008488999992550816,0,0,0,0,0,0
0.02316640000208281,13,0,2,0,0,1
0.0008847999997669831,0,0,0,0,0,0
0.023566399999253917,13,0,1,0,0,1
0.0008213000000978354,0,0,0,0,0,0
0.02464490000056685,14,0,1,0,0,1
0.000978600000962615,0,0,0,0,0,0
0.023008999996818602,13,0,0,0,0,1
0.0009468000025663059,0,0,0,0,0,0
0.02356819999840809,13,0,0,0,0,1
0.0008245999997598119,0,0,0,0,0,0
0.02256400000260328,13,0,0,0,0,1
0.0008429999979853164,0,0,0,0,0,0
0.02360640000188141,13,0,-1,0,1,1
0.0009622999968996737,0,0,0,0,0,0
0.023554600000352366,13,0,-1,0,1,1
0.000872600001457613,0,0,0,0,0,0
0.023785599998518592,13,0,-2,0,1,1
0.0009054000001924578,0,0,0,0,0,0
0.023695500000030734,13,0,-3,0,1,1
0.0009991000006266404,0,0,0,0,0,0
0.024171199998818338,14,0,-4,0,1,1
0.0009169000004476402,0,0,0,0,0,0
0.024943500000517815,14,0,-4,0,1,1
0.0009355000001960434,0,0,0,0,0,0
0.02346160000161035,13,0,-5,0,1,1
0.0009504999979981221,0,0,0,0,0,0
0.024627499999041902,14,0,-6,0,1,1
0.0008737000025575981,0,0,0,0,0,0
0.02323229999819887,13,0,-6,0,1,1
0.0007843000021239277,0,0,0,0,0,0
0.02338219999728608,13,1,-6,0,1,1
0.0008091000017884653,0,0,0,0,0,0
0.024380399998335633,14,1,-8,0,1,1
0.0008769000014581252,0,0,0,0,0,0
0.023424800001521362,13,1,-8,0,1,1
0.0008046999973885249,0,0,0,0,0,0
0.02324180000141496,13,1,-8,0,1,1
0.0008406999986618757,0,0,0,0,0,0
0.025052500001038425,14,1,-10,0,1,1
0.0009009999994304962,0,0,0,0,0,0
0.02353399999992689,13,1,-10,0,1,1
0.0007784000008541625,0,0,0,0,0,0
0.0242048000000068,13,1,-11,0,1,1
0.0008029999989958014,0,0,0,0,0,0
0.023614699999598088,13,1,-11,0,1,1
0.0007958999995025806,0,0,0,0,0,0
0.023209200000565033,13,1,-12,0,1,1
0.0008923999994294718,0,0,0,0,0,0
0.024123700000927784,13,2,-13,0,1,1
0.0008655999990878627,0,0,0,0,0,0
0.023511100000177976,13,2,-13,0,1,1
0.0009174000006169081,0,0,0,0,0,0
0.023653200001717778,13,2,-14,0,2,1
0.0008121999999275431,0,0,0,0,0,0
0.02508269999816548,14,2,-16,0,2,1
0.0012368999996397179,0,0,0,0,0,0
0.023254400002770126,13,2,-15,0,2,1
0.0009060999982466456,0,0,0,0,0,0
0.025143800001387717,14,2,-17,0,2,1
0.0008415999982389621,0,0,0,0,0,0
0.023453900001186412,13,2,-16,0,2,1
0.0008487000013701618,0,0,0,0,0,0
0.023090799997589784,13,2,-17,0,2,1
0.0008587000011175405,0,0,0,0,0,0
0.023663600000872975,13,2,-18,0,2,1
0.0008310999983223155,0,0,0,0,0,0
0.02465189999929862,13,3,-20,0,2,1
0.0009405000018887222,0,0,0,0,0,0
0.025001899997732835,14,3,-21,0,2,1
0.0008030999997572508,0,0,0,0,0,0
0.023140600002079736,13,3,-20,0,2,1
0.0009572999988449737,0,0,0,0,0,0
0.024989699999423465,14,3,-22,0,2,1
0.0009014000024762936,0,0,-1,0,0,0
0.023581199999171076,13,3,-21,0,2,1
0.0008336999999301042,0,0,-1,0,0,0
0.024065400000836235,13,3,-23,0,2,1
0.0007919999989098869,0,0,-1,0,0,0
0.023336800000834046,13,3,-22,0,2,1
0.0008740999983274378,0,0,-1,0,0,0
0.023976200001925463,13,3,-24,0,2,1
0.0008463999984087422,0,0,-1,0,0,0
0.024612100001832005,13,4,-26,0,2,1
0.000910999999177875,0,0,-1,0,0,0
0.02503939999951399,13,4,-27,0,2,1
0.0008525999983248767,0,0,-1,0,0,0
0.0241362000015215,13,4,-27,0,2,1
0.0008358999984920956,0,0,-1,0,0,0
0.024543700001231628,13,4,-28,0,3,1
0.0008116999997582752,0,0,-1,0,0,0
0.023716399999102578,13,4,-28,0,2,1
0.0009239000028173905,0,0,-1,0,0,0
0.023494099998060847,13,4,-29,0,2,1
0.0008546999997633975,0,0,-1,0,0,0
0.024090200000500772,13,4,-30,0,3,1
0.0008596000006946269,0,0,-1,0,0,0
0.02358249999815598,12,4,-30,0,3,1
0.0008015000021259766,0,0,-1,0,0,0
0.024265500000183238,13,5,-32,0,3,1
0.0008635999984107912,0,0,-1,0,0,0
0.024510600000212435,13,5,-33,0,3,1
0.0008132000002660789,0,0,-1,0,0,0
0.024164499998732936,13,5,-34,0,3,1
0.0008445000021310989,0,0,-1,0,0,0
0.02469080000082613,13,5,-36,0,3,1
0.0008095999983197544,0,0,-1,0,0,0
0.02456000000165659,13,5,-36,0,3,1
0.0008325999988301191,0,0,-1,0,0,0
0.024111099999572616,12,5,-37,0,3,1
0.0007919000017864164,0,0,-1,0,0,0
0.024200500000006286,12,5,-38,0,3,1
0.0008423999970545992,0,0,-1,0,0,0
0.024615199999971082,13,6,-40,0,3,1
0.0008001000023796223,0,0,-1,0,0,0
0.024643000000651227,13,6,-41,0,3,1
0.0008501999982399866,0,0,-1,0,0,0
0.02310600000055274,12,6,-40,0,3,1
0.0008103000000119209,0,0,-1,0,0,0
0.023657099998672493,12,6,-41,0,3,1
0.0008832999992591795,0,0,-1,0,0,0
0.023528600002464373,12,6,-42,0,3,1
0.0008780999996815808,0,0,-1,0,0,0
0.024768799998128088,12,6,-46,0,4,1
0.0009161000016320031,0,0,-2,0,0,0
0.02244559999962803,11,6,-42,0,3,0
0.0008904999995138496,0,0,-1,0,0,0
0.024563599999964936,12,7,-48,0,4,1
0.0008431000023847446,0,0,-1,0,0,0
0.0250419999974838,12,7,-50,0,4,1
0.0007891000022937078,0,0,-1,0,0,0
0.02471529999820632,12,7,-51,0,4,0
0.0009494000005361158,0,0,-1,0,0,0
0.024134999999660067,12,7,-52,0,4,0
0.0008613999998487998,0,0,-2,0,0,0
0.02359979999891948,11,7,-52,0,4,0
0.0009415000022272579,0,0,-2,0,0,0
0.023893899997347035,12,7,-54,0,4,0
0.0008377000012842473,0,0,-2,0,0,0
0.024263800001790514,12,8,-56,0,4,0
0.0008524999975634273,0,0,-2,0,0,0
0.02344720000110101,11,8,-56,0,4,0
0.0008973000003607012,0,0,-2,0,0,0
0.023083100000803825,11,8,-57,0,4,0
0.0009911999986798037,0,0,-2,0,0,0
0.33301959999880637,-4,11,-95,1,10,-1
0.000960600002144929,0,0,-4,0,0,0
0.0230093999998644,-5,12,-103,1,11,-1
0.0008636999991722405,0,0,-4,0,0,0
0.024626499998703366,-5,13,-114,1,12,-1
0.0008905000031518284,0,0,-4,0,0,0
0.022540799996932037,-5,12,-108,1,11,-1
0.0008708000023034401,0,0,-4,0,0,0
0.024529199999960838,-5,14,-122,1,13,-1
0.0008462999976472929,0,0,-4,0,0,0
0.023850100002164254,-5,15,-123,1,13,-1
0.0011384999997972045,0,0,-5,0,0,0
0.02396239999870886,-5,15,-131,1,13,-1
0.0008778000010352116,0,0,-7,0,0,0
0.023181600001407787,-5,16,-134,1,13,-1
0.0007863999999244697,0,0,-5,0,0,0
0.023714699997071875,-5,17,-144,1,14,-1
0.0010509000021556858,0,0,-5,0,0,0
0.02446369999961462,-5,19,-161,1,16,-1
0.0008640000014565885,0,0,-6,0,0,0
0.024169099997379817,-5,21,-171,1,16,-1
0.0008085000008577481,0,0,-7,0,0,0
0.02493020000110846,0,0,-6,0,0,0
0.022482599997601938,0,0,-6,0,0,0
0.1558885000013106,5,-19,161,-1,-15,1
0.0008414000003540423,0,0,6,0,0,0
0.024578500000643544,5,-20,163,-1,-16,1
0.0010806999998749234,0,0,6,0,0,0
0.02199539999855915,4,-16,136,-1,-13,1
0.0008846000018820632,0,0,6,0,0,0
0.023005099999863887,5,-16,134,-1,-13,1
0.0008535999986634124,0,0,5,0,0,0
0.025064199999178527,5,-16,139,-1,-14,1
0.0008221999996749219,0,0,5,0,0,0
0.025202100001479266,5,-16,132,-1,-13,1
0.0008780999996815808,0,0,5,0,0,0
0.02301140000054147,5,-14,115,-1,-12,1
0.0008090999981504865,0,0,4,0,0,0
0.024116000000503846,5,-14,116,-1,-12,1
0.0008104000007733703,0,0,4,0,0,0
0.023121300000639167,5,-12,107,-1,-11,1
0.0008650999989185948,0,0,4,0,0,0
0.02415620000101626,5,-12,108,-1,-12,1
0.0009007999979075976,0,0,4,0,0,0
0.023068000002240296,5,-12,100,-1,-11,1
0.0009690999977465253,0,0,4,0,0,0
0.02343950000067707,5,-11,99,-1,-11,1
0.0010223000026599038,0,0,3,0,0,0
0.023543399998743553,5,-11,97,-1,-11,1
0.0009911999986798037,0,0,4,0,0,0
0.023419200002535945,5,-11,93,-1,-10,1
0.0008540999988326803,0,0,4,0,0,0
0.024091499999485677,5,-10,93,-1,-10,1
0.0008372000011149794,0,0,3,0,0,0
0.02416119999907096,5,-10,91,-1,-10,1
0.0009037999989232048,0,0,3,0,0,0
0.02344250000169268,5,-10,87,-1,-10,1
0.0007114000000001397,0,0,2,0,0,0
0.024327499999344582,5,-10,87,-1,-10,1
0.0009839999984251335,0,0,3,0,0,0
0.023445000002539018,5,-9,83,-1,-9,1
0.0007802000000083353,0,0,2,0,0,0
0.023228399997606175,5,-9,80,-1,-9,1
0.000842400000692578,0,0,3,0,0,0
0.02306220000173198,5,-8,78,-1,-9,1
0.0008232999971369281,0,0,2,0,0,0
0.024264000003313413,5,-9,80,-1,-9,1
0.0008448999979009386,0,0,3,0,0,0
0.025001500001962995,5,-9,81,-2,-9,1
0.0008338999978150241,0,0,2,0,0,0
0.024179000000003725,5,-8,77,-1,-9,1
0.0008535000015399419,0,0,2,0,0,0
0.02402779999829363,5,-8,75,-1,-9,1
0.0008013000006030779,0,0,2,0,0,0
0.023332799999479903,5,-7,71,-1,-8,1
0.0008756999995966908,0,0,3,0,0,0
0.022904600002220832,5,-7,69,-1,-8,1
0.0008392999989155214,0,0,2,0,0,0
0.023293800000828924,5,-7,69,-1,-8,1
0.0008568999983253889,0,0,2,0,0,0
0.02399169999989681,5,-7,71,-2,-8,2
0.0007949000028020237,0,0,2,0,0,0
0.023762599998008227,5,-7,68,-2,-8,2
0.0009156999985862058,0,0,2,0,0,0
0.023620200001460034,5,-6,67,-2,-8,2
0.0008811000006971881,0,0,2,0,0,0
0.02397940000082599,5,-6,67,-2,-8,2
0.0008079999970505014,0,0,2,0,0,0
0.0236021000018809,5,-6,65,-2,-7,2
0.001333899999735877,0,0,2,0,0,0
0.023082799998519477,5,-6,64,-2,-7,2
0.0007839000027161092,0,0,2,0,0,0
0.02320319999853382,5,-6,62,-2,-7,2
0.0008917999984987546,0,0,2,0,0,0
0.023089400001481408,5,-6,61,-2,-7,2
0.0008510000006936025,0,0,2,0,0,0
0.023097299999790266,5,-5,60,-2,-7,2
0.0008344999987457413,0,0,2,0,0,0
0.024132700000336627,5,-6,62,-2,-7,2
0.0008364999994228128,0,0,2,0,0,0
0.023136200001317775,5,-5,59,-2,-7,2
0.0009415999993507285,0,0,2,0,0,0
0.023975700001756195,5,-5,60,-2,-7,2
0.0008792999979050364,0,0,2,0,0,0
0.024643700002343394,5,-5,61,-2,-7,2
0.0009169999975711107,0,0,2,0,0,0
0.02398689999972703,5,-5,59,-2,-6,2
0.0009138000023085624,0,0,2,0,0,0
0.024699999998119893,5,-5,59,-2,-7,2
0.0008737999996810686,0,0,2,0,0,0
0.02244500000233529,4,-4,53,-2,-6,2
0.0008149999994202517,0,0,2,0,0,0
0.02415130000008503,5,-5,57,-2,-6,2
0.0008452000001852866,0,0,2,0,0,0
0.023191599997517187,5,-4,53,-2,-6,2
0.0008215000016207341,0,0,2,0,0,0
0.024568299999373266,5,-5,9,-1,0,1
0.0007871000016166363,0,0,0,0,0,0
0.024146899999323068,5,-5,9,-1,0,1
0.0009221000000252388,0,0,0,0,0,0
0.022934799999347888,5,-5,8,-1,0,0
0.000952599999436643,0,0,0,0,0,0
0.024638499999127816,5,-5,8,-1,0,1
0.0008082000022113789,0,0,0,0,0,0
0.02417319999949541,0,0,-47,0,5,-1
0.0008364999994228128,0,0,-1,0,0,0
0.024092200001177844,0,0,-48,0,6,-1
0.0008785999998508487,0,0,-2,0,0,0
0.02404939999905764,0,0,-49,0,6,-1
0.0009004999992612284,0,0,-1,0,0,0
0.024079300001176307,0,0,-50,0,6,-1
0.0008381000006920658,0,0,-1,0,0,0
0.024069499999313848,0,0,-50,0,6,-1
0.000956299998506438,0,0,-1,0,0,0
0.024583100002928404,0,0,-53,0,6,-1
0.0008175999973900616,0,0,-1,0,0,0
0.02405900000303518,0,0,-52,0,6,-1
0.0008125999993353616,0,0,-1,0,0,0
0.024230799997894792,0,0,-53,0,6,-1
0.0008677000005263835,0,0,-2,0,0,0
0.023552499998913845,0,0,-53,0,6,-1
0.000780400001531234,0,0,-2,0,0,0
0.3324648999987403,0,0,-51,0,5,-1
0.0009669000028225128,0,0,-2,0,0,0
0.02224999999816646,0,0,-52,0,6,-1
0.0008904999995138496,0,0,-2,0,0,0
0.024572500002250308,0,1,-59,0,6,-1
0.0009169999975711107,0,0,-2,0,0,0
0.024096600001939805,0,1,-59,0,6,-1
0.001144399997428991,0,0,-2,0,0,0
0.023300800003198674,0,1,-58,0,6,-1
0.0008222999967983924,0,0,-2,0,0,0
0.02458190000106697,0,1,-62,0,6,-1
0.0011353000008966774,0,0,-2,0,0,0
0.02387570000064443,0,1,-61,0,6,-1
0.0011216999992029741,0,0,-2,0,0,0
0.022313999998004874,0,1,-59,0,6,-1
0.0009081000025616959,0,0,-2,0,0,0
0.024620000000140863,0,2,-65,0,7,-1
0.0008373999989998993,0,0,-2,0,0,0
0.023080999999365304,0,2,-63,0,6,-1
0.000854300000355579,0,0,-2,0,0,0
0.02407859999948414,0,2,-67,0,7,-1
0.0008503999997628853,0,0,-2,0,0,0
0.023090300001058495,0,2,-65,0,6,-1
0.0008191999986593146,0,0,-2,0,0,0
0.023120900001231348,0,2,-67,0,6,-1
0.0007928000013635028,0,0,-2,0,0,0
0.023141199999372475,0,3,-68,0,7,-1
0.00080339999840362,0,0,-2,0,0,0
0.023341399999480927,0,3,-69,0,7,-1
0.0008712000017112587,0,0,-3,0,0,0
0.09234500000093249,4,-6,67,-1,-7,1
0.0009343999990960583,0,0,2,0,0,0
0.023547299999336246,5,-7,72,-2,-7,2
0.0008320999986608513,0,0,2,0,0,0
0.02413870000236784,5,-7,72,-2,-8,2
0.0008840999980748165,0,0,2,0,0,0
0.024012800000491552,5,-6,71,-2,-7,2
0.0007933000015327707,0,0,2,0,0,0
0.024251700000604615,5,-6,70,-2,-7,2
0.0009169999975711107,0,0,2,0,0,0
0.023044800000207033,4,-6,65,-2,-7,2
0.0008234000015363563,0,0,2,0,0,0
0.024028799998632167,5,-6,67,-2,-7,2
0.0010041000023193192,0,0,2,0,0,0
0.024009099997783778,5,-6,67,-2,-7,2
0.0008148000015353318,0,0,2,0,0,0
0.0241052999990643,5,-6,65,-2,-7,2
0.0009127000012085773,0,0,2,0,0,0
0.029138800000509946,6,-7,78,-3,-8,2
0.0007845000000088476,0,0,2,0,0,0
0.024410999998508487,4,-5,64,-2,-6,2
0.0009247000016330276,0,0,3,0,0,0
0.02249139999912586,4,-5,58,-2,-6,2
0.000918399997317465,0,0,3,0,0,0
0.023789100003341446,4,-5,61,-2,-6,2
0.0008230999992520083,0,0,2,0,0,0
0.023096999997505918,9,1,17,-3,0,3
0.0008904000023903791,0,0,0,0,0,0
0.02459169999929145,10,3,-43,-2,7,2
0.0008406999986618757,0,0,-1,0,0,0
0.024666000001161592,10,3,-45,-2,7,2
0.0008482000012008939,0,0,-1,0,0,0
0.024181099997804267,10,3,-45,-2,7,2
0.000915300002816366,0,0,-1,0,0,0
0.02399899999727495,4,9,-108,0,13,0
0.0008741000019654166,0,0,-4,0,0,0
0.02406699999846751,0,2,-63,0,5,-1
0.0008980000020528678,0,0,-2,0,0,0
0.023034199999528937,0,2,-61,0,5,-1
0.000895099998160731,0,0,-2,0,0,0
0.023082899999280926,0,2,-63,0,5,-1
0.000845600003231084,0,0,-2,0,0,0
0.023151499997766223,0,2,-64,0,5,-1
0.0008894999991753139,0,0,-2,0,0,0
0.02198780000253464,0,2,-63,0,5,-1
0.0008787999977357686,0,0,-2,0,0,0
0.023634299999685027,0,3,-68,0,6,-1
0.0008303000031446572,0,0,-2,0,0,0
0.024597199997515418,0,3,-72,0,6,-1
0.0008354999990842771,0,0,-2,0,0,0
0.024130600002536085,0,3,-73,0,6,-1
0.0008218999973905738,0,0,-2,0,0,0
0.02314700000351877,0,3,-71,0,6,-1
0.0008785999998508487,0,0,-2,0,0,0
0.024102100000163773,0,3,-76,0,6,-1
0.0008749999979045242,0,0,-2,0,0,0
0.023610399999597576,0,4,-76,0,6,-1
0.0009323000012955163,0,0,-3,0,0,0
0.02297049999833689,0,4,-76,0,6,-1
0.0008015000021259766,0,0,-2,0,0,0
0.023192599997855723,0,4,-78,0,6,-1
0.0008386000008613337,0,0,-3,0,0,0
0.02314449999903445,0,4,-80,0,6,-1
0.0008196000017051119,0,0,-3,0,0,0
0.025088499998673797,0,5,-88,0,7,-2
0.0009162000023934525,0,0,-3,0,0,0
0.0231616999990365,0,5,-84,0,7,-1
0.0008778999981586821,0,0,-4,0,0,0
0.023959400001331232,0,5,-89,0,7,-2
0.0008593999991717283,0,0,-3,0,0,0
0.023186900001746835,0,6,-88,0,7,-2
0.0009728999975777697,0,0,-4,0,0,0
0.023348400001850678,0,6,-92,0,7,-2
0.0008631999990029726,0,0,-3,0,0,0
0.023885800001153257,0,6,-96,0,7,-2
0.0009780000000318978,0,0,-4,0,0,0
0.02329529999769875,0,7,-98,0,7,-2
0.0009204000016325153,0,0,-4,0,0,0
0.024128299999574665,0,7,-104,0,8,-2
0.0009281999991799239,0,0,-5,0,0,0
0.023958600002515595,0,8,-108,0,8,-2
0.0008458999982394744,0,0,-4,0,0,0
0.025178100000630366,0,9,-116,0,9,-2
0.000894600001629442,0,0,-5,0,0,0
0.02249379999921075,0,8,-109,0,8,-2
0.0008218999973905738,0,0,-4,0,0,0
0.024116300002788194,0,10,-122,0,9,-2
0.0008601999979873654,0,0,-5,0,0,0
0.046155399999406654,4,-10,101,-1,-9,2
0.0008441999998467509,0,0,4,0,0,0
0.02405680000083521,4,-11,107,-2,-9,2
0.0008374000026378781,0,0,4,0,0,0
0.02511199999935343,4,-11,107,-2,-9,2
0.0008765999991737772,0,0,4,0,0,0
0.025028799998835893,4,-10,104,-2,-9,2
0.0008391000010306016,0,0,3,0,0,0
0.023172199998953147,4,-9,93,-2,-8,2
0.0008207999999285676,0,0,4,0,0,0
0.02310589999979129,4,-9,90,-2,-8,2
0.0008302999995066784,0,0,3,0,0,0
0.023663500000111526,4,-9,90,-2,-8,2
0.0009088000006158836,0,0,3,0,0,0
0.024015099999814993,4,-9,89,-2,-8,2
0.0008288000026368536,0,0,3,0,0,0
0.023685500000283355,4,-8,85,-2,-8,2
0.000930299996980466,0,0,3,0,0,0
0.02402310000252328,4,-8,85,-2,-7,2
0.0008233999978983775,0,0,3,0,0,0
0.02358789999925648,4,-7,81,-2,-7,2
0.0009809000002860557,0,0,2,0,0,0
0.022956300002988428,4,-7,78,-2,-7,2
0.0008633999968878925,0,0,2,0,0,0
0.0232508000008238,4,-7,77,-2,-7,2
0.0008999999990919605,0,0,2,0,0,0
0.02403960000083316,4,-7,77,-2,-7,2
0.0009185999988403637,0,0,3,0,0,0
0.024110600003041327,4,-6,76,-2,-7,2
0.0008935999976529274,0,0,3,0,0,0
0.02289550000205054,4,-6,71,-2,-6,2
0.0008013000006030779,0,0,2,0,0,0
0.024673299998539733,4,-6,75,-2,-6,2
0.000911300001462223,0,0,2,0,0,0
0.02352669999891077,4,-6,71,-2,-6,2
0.0008290000005217735,0,0,2,0,0,0
0.02472219999981462,4,-6,72,-2,-6,2
0.0009499000007053837,0,0,3,0,0,0
0.023441599998477614,4,-5,67,-2,-6,2
0.0009759999993548263,0,0,2,0,0,0
0.024504000000888482,4,-5,69,-2,-6,2
0.0013030000009166542,0,0,2,0,0,0
0.023099399997590808,4,-5,65,-2,-5,2
0.0009515000019746367,0,0,2,0,0,0
0.024121899998135632,4,-5,66,-2,-5,2
0.0008487000013701618,0,0,2,0,0,0
0.02210220000051777,3,-4,59,-2,-5,2
0.0009537999976600986,0,0,2,0,0,0
0.023447500003385358,3,-4,63,-2,-5,2
0.0009565000000293367,0,0,2,0,0,0
0.02399899999727495,3,-4,63,-2,-5,2
0.0009153999999398366,0,0,2,0,0,0
0.02357029999984661,3,-4,60,-2,-5,2
0.000890600000275299,0,0,2,0,0,0
0.02307440000004135,3,-4,58,-2,-4,2
0.0009583999999449588,0,0,2,0,0,0
0.02297270000053686,8,4,6,-3,3,3
0.000966899999184534,0,0,0,0,0,0
0.02459880000242265,9,4,5,-3,3,3
0.000823799997306196,0,0,0,0,0,0
0.023528400000941474,3,-6,121,-3,-8,4
0.0009046000013768207,0,0,5,0,0,0
0.024624099998618476,0,-2,65,-1,-4,2
0.0008694999996805564,0,0,2,0,0,0
0.023532999999588355,0,-2,61,0,-4,2
0.0008479999996779952,0,0,2,0,0,0
0.024881299999833573,0,-2,63,-1,-4,2
0.0008647000031487551,0,0,2,0,0,0
0.02388229999996838,0,-1,60,-1,-4,2
0.0008754999980737921,0,0,2,0,0,0
0.023110300000553252,0,-1,57,0,-3,2
0.000820400000520749,0,0,2,0,0,0
0.02397740000014892,0,-1,59,-1,-4,2
0.0008491000007779803,0,0,2,0,0,0
0.024168699997972,0,-1,58,-1,-4,2
0.0009501000022282824,0,0,2,0,0,0
0.024178599996957928,0,-1,57,-1,-3,2
0.000906000001123175,0,0,2,0,0,0
0.4881238999987545,0,1,-53,0,3,-2
0.0008720000005268957,0,0,-2,0,0,0
0.024200700001529185,0,1,-58,1,3,-2
0.0009059000003617257,0,0,-2,0,0,0
0.023973699997441145,0,1,-59,1,4,-2
0.00093620000188821,0,0,-2,0,0,0
0.023516199998994125,0,1,-59,1,4,-2
0.0008478000017930754,0,0,-2,0,0,0
0.024169599997549085,0,1,-61,1,4,-2
0.0009301000027335249,0,0,-2,0,0,0
0.023544499999843538,0,1,-60,0,4,-2
0.0007968999998411164,0,0,-2,0,0,0
0.02413650000016787,0,2,-63,1,4,-2
0.0009141999980784021,0,0,-2,0,0,0
0.023010500000964385,0,2,-61,0,4,-2
0.0008922000015445519,0,0,-2,0,0,0
0.02352679999967222,0,2,-64,0,4,-2
0.0008325999988301191,0,0,-2,0,0,0
0.024196700000175042,0,2,-67,0,4,-2
0.0007784000008541625,0,0,-2,0,0,0
0.024135499999829335,0,2,-68,0,4,-2
0.0009540999999444466,0,0,-2,0,0,0
0.02352679999967222,0,3,-68,0,4,-2
0.0008715999974810984,0,0,-2,0,0,0
0.02353890000085812,0,3,-69,0,4,-2
0.0008268000019597821,0,0,-2,0,0,0
0.02418299999771989,0,3,-72,0,4,-2
0.000915000000532018,0,0,-2,0,0,0
0.023488700000598328,0,3,-72,0,4,-2
0.0008659000013722107,0,0,-2,0,0,0
0.024123299997881986,0,3,-75,0,4,-2
0.0008502000018779654,0,0,-2,0,0,0
0.024208499999076594,0,4,-76,0,4,-2
0.0007937999980640598,0,0,-3,0,0,0
0.0237202000025718,0,4,-76,0,4,-2
0.000905699998838827,0,0,-3,0,0,0
0.023670400001719827,0,4,-77,0,4,-2
0.0009153999999398366,0,0,-4,0,0,0
0.02301199999783421,0,4,-77,0,4,-2
0.0009257000019715633,0,0,-4,0,0,0
0.022889100000611506,0,4,-79,0,4,-2
0.0010597999971651006,0,0,-3,0,0,0
0.023851900001318427,0,5,-85,0,5,-2
0.0011110000014014076,0,0,-3,0,0,0
0.06626939999841852,-10,-8,53,0,-4,0
0.0009567000015522353,0,0,2,0,0,0
0.02309189999868977,-11,-9,58,0,-5,0
0.0008732999995118007,0,0,2,0,0,0
0.024582599999121157,-12,-9,60,0,-5,0
0.0008737999996810686,0,0,2,0,0,0
0.023470500000257744,-12,-9,57,0,-5,0
0.0008608000025560614,0,0,2,0,0,0
0.02359989999968093,-12,-9,56,0,-5,0
0.0007358000002568588,0,0,1,0,0,0
0.024704199997358955,-13,-9,57,0,-5,0
0.0008430000016232952,0,0,1,0,0,0
0.02473439999812399,-13,-9,56,0,-5,0
0.0010484000013093464,0,0,2,0,0,0
0.02380529999936698,-13,-9,53,0,-5,0
0.0008627999995951541,0,0,1,0,0,0
0.02420160000110627,-13,-8,52,0,-5,0
0.0007704000017838553,0,0,1,0,0,0
0.023606299997481983,-13,-8,50,0,-5,0
0.0008826000012049917,0,0,1,0,0,0
0.023639600000024075,-13,-8,49,0,-5,0
0.0008276000007754192,0,0,1,0,0,0
0.02306250000037835,-12,-8,46,0,-4,0
0.0007691999999224208,0,0,1,0,0,0
0.02325649999693269,-13,-8,46,0,-4,0
0.0008261000002676155,0,0,1,0,0,0
0.02305750000232365,-13,-7,45,0,-4,0
0.0008374999997613486,0,0,1,0,0,0
0.023167600000306265,-13,-7,44,0,-4,0
0.0009238999991794117,0,0,1,0,0,0
0.024072600001090905,-13,-7,45,0,-5,0
0.0008525999983248767,0,0,1,0,0,0
0.02355620000162162,-13,-7,43,0,-5,0
0.0008512999993399717,0,0,1,0,0,0
0.02370399999927031,-13,-7,42,0,-5,0
0.0008099000006041024,0,0,1,0,0,0
0.02378630000021076,-13,-7,41,0,-5,0
0.0009633000008761883,0,0,2,0,0,0
0.022245899999688845,-13,-6,38,0,-4,0
0.0009854999989329372,0,0,1,0,0,0
0.024854700001014862,-14,-7,42,0,-5,0
0.0008275999971374404,0,0,2,0,0,0
0.023274600000149803,-13,-6,38,0,-4,0
0.0008502000018779654,0,0,1,0,0,0
0.024162699999578763,-14,-7,39,0,-5,0
0.0008476000002701767,0,0,1,0,0,0
0.024086500001430977,-14,-6,38,0,-5,0
0.0008772000001044944,0,0,1,0,0,0
0.024099099999148166,-14,-6,37,0,-5,0
0.00087340000027325,0,0,1,0,0,0
0.024016999999730615,-14,-6,37,0,-5,0
0.004128699998545926,-2,-1,5,0,0,0
0.019898999998986255,-12,-5,30,0,-4,0
0.0009139000030700117,0,0,1,0,0,0
0.0250300999978208,-15,-6,37,0,-5,0
0.0008827999990899116,0,0,1,0,0,0
0.023564099999930477,-14,-6,34,0,-4,0
0.0008218000002671033,0,0,1,0,0,0
0.024138400000083493,-15,-6,34,0,-5,0
0.0008565000025555491,0,0,1,0,0,0
0.02408609999838518,-15,-6,33,0,-5,0
0.0008364999994228128,0,0,1,0,0,0
0.023533600000519073,-14,-6,32,0,-5,0
0.0008639000006951392,0,0,1,0,0,0
0.023680900001636473,-15,-5,31,0,-5,0
0.0007243999971251469,0,0,1,0,0,0
0.023885500002506888,-15,-5,30,0,-5,0
0.0008355999998457264,0,0,1,0,0,0
0.023551700000098208,-15,-5,29,0,-4,0
0.0009557999983371701,0,0,1,0,0,0
0.02304569999978412,-14,-5,28,0,-4,0
0.0008557000001019333,0,0,1,0,0,0
0.023011100001895102,-14,-5,28,0,-4,0
0.0008342000000993721,0,0,1,0,0,0
0.023370499999145977,-15,-5,27,0,-4,0
0.0008414999974775128,0,0,1,0,0,0
0.02238680000300519,-14,-4,26,0,-4,0
0.0009947999969881494,0,0,1,0,0,0
0.024459900003421353,-16,-5,28,0,-5,-1
0.0009524999986751936,0,0,1,0,0,0
0.02349849999882281,-15,-4,26,0,-4,-1
0.001028400001814589,0,0,1,0,0,0
0.0245625999996264,-16,-5,26,0,-5,-1
0.0008582000009482726,0,0,1,0,0,0
0.023520699996879557,-15,-4,24,0,-4,-1
0.001137600000220118,0,0,1,0,0,0
0.023273099999642,-15,-4,24,0,-4,-1
0.0007880000011937227,0,0,1,0,0,0
0.02370599999994738,-16,-4,24,1,-4,-1
0.0008497000017086975,0,0,1,0,0,0
0.027844399999594316,-18,-5,27,1,-5,-1
0.0008596000006946269,0,0,1,0,0,0
0.023352399999566842,-15,-4,22,1,-4,-1
0.0008201999989978503,0,0,0,0,0,0
0.023533700001280522,-16,-4,21,1,-4,-1
0.0008224999983212911,0,0,0,0,0,0
0.023209499999211403,-16,-4,21,1,-4,-1
0.0009503000001132023,0,0,0,0,0,0
0.023994999999558786,-16,-4,21,1,-4,-1
0.0010758000025816727,0,0,0,0,0,0
0.02392859999963548,-16,-3,20,1,-4,-1
0.001124599999457132,0,0,1,0,0,0
0.022824299998319475,-16,-3,18,1,-4,-1
0.000879000002896646,0,0,0,0,0,0
0.023591400000441354,-16,-3,18,1,-4,-1
0.000823799997306196,0,0,0,0,0,0
0.0452977999993891,8,5,-27,-1,6,1
0.0008511000014550518,0,0,-1,0,0,0
0.022972399998252513,8,5,-29,-1,7,1
0.0007809000017005019,0,0,-1,0,0,0
0.02363559999866993,8,6,-31,-1,7,1
0.0008611000012024306,0,0,-1,0,0,0
0.02309120000063558,8,6,-31,-1,7,1
0.0008861999995133374,0,0,-1,0,0,0
0.023051399999530986,8,6,-32,-1,7,1
0.0008798999988357536,0,0,-1,0,0,0
0.024108800000249175,8,6,-33,-1,7,1
0.0008200000011129305,0,0,-1,0,0,0
0.023714300001302036,8,6,-33,-1,7,1
0.0008355999998457264,0,0,-1,0,0,0
0.023531200000434183,8,6,-34,-1,7,1
0.0008421999991696794,0,0,-1,0,0,0
0.02305999999953201,7,6,-34,-1,7,1
0.0007793000004312489,0,0,-1,0,0,0
0.02478490000066813,8,7,-37,-1,8,1
0.0008834000000206288,0,0,-1,0,0,0
0.023117000000638654,7,6,-35,-1,7,1
0.0008648999973956961,0,0,-1,0,0,0
0.024114499999996042,7,7,-37,-1,7,1
0.0008563000010326505,0,0,-1,0,0,0
0.02399599999989732,7,7,-38,-1,7,1
0.0007947999984025955,0,0,-1,0,0,0
0.024169600001187064,7,7,-38,-1,8,1
0.0008142000006046146,0,0,-1,0,0,0
0.023155300001235446,7,7,-38,-1,7,1
0.0008673999982420355,0,0,-1,0,0,0
0.26766219999990426,-6,-6,36,1,-7,-1
0.0008058999992499594,0,0,1,0,0,0
0.024249400001281174,-7,-7,38,1,-8,-1
0.0009022000012919307,0,0,1,0,0,0
0.022056899997551227,-7,-6,35,1,-7,-1
0.0008283000024675857,0,0,1,0,0,0
0.0235246999982337,-7,-6,37,1,-7,-1
0.0007828999987395946,0,0,1,0,0,0
0.02429850000044098,-8,-7,37,1,-8,-1
0.0009351000007882249,0,0,1,0,0,0
0.02443399999901885,-8,-6,37,1,-8,-1
0.0008390000002691522,0,0,1,0,0,0
0.023622500000783475,-8,-6,34,1,-7,-1
0.0008331999997608364,0,0,1,0,0,0
0.023665700002311496,-8,-6,34,1,-7,-1
0.000849000000016531,0,0,1,0,0,0
0.023574099999677856,-8,-6,33,1,-7,-1
0.000785099997301586,0,0,1,0,0,0
0.024155400002200622,-8,-6,33,1,-7,-1
0.0007889999978942797,0,0,1,0,0,0
0.023680100002820836,-8,-6,32,1,-7,-1
0.0009105999997700565,0,0,1,0,0,0
0.024197999999159947,-8,-6,32,1,-7,-1
0.0008572999977332074,0,0,1,0,0,0
0.02247910000005504,-8,-5,29,1,-7,-1
0.0008642000029794872,0,0,1,0,0,0
0.024130599998898106,-8,-6,31,1,-7,-2
0.0008132000002660789,0,0,1,0,0,0
0.023624900000868365,-8,-5,30,1,-7,-2
0.0008629999974800739,0,0,1,0,0,0
0.023602799999935087,-8,-5,29,1,-7,-2
0.0008407999994233251,0,0,1,0,0,0
0.44746220000160974,0,0,0,0,0,-4
0.0009424000018043444,0,0,0,0,0,0
0.02347359999839682,0,0,0,0,0,-5
0.0008488999992550816,0,0,0,0,0,0
0.02475330000015674,0,0,0,0,0,-5
0.0008965000015450642,0,0,0,0,0,0
0.023990399997273926,0,0,0,0,0,-5
0.0009784000030776951,0,0,0,0,0,0
0.024452699999528704,0,0,0,0,0,-5
0.0008153999988280702,0,0,0,0,0,0
0.023639899998670444,0,0,0,0,0,-5
0.0007983000032254495,0,0,0,0,0,0
0.02410519999830285,0,0,0,0,0,-5
0.0007638999995833728,0,0,0,0,0,0
0.02326340000217897,0,0,0,0,0,-5
0.0009027999985846691,0,0,0,0,0,0
0.023997399999643676,0,0,0,0,0,-5
0.0008186000013665762,0,0,0,0,0,0
0.0232200999998895,0,0,0,0,0,-5
0.0008878999979060609,0,0,0,0,0,0
0.025076300000364427,0,0,0,0,0,-5
0.0008256000000983477,0,0,0,0,0,0
0.023138000000471948,0,0,0,0,0,-5
0.000851400000101421,0,0,0,0,0,0
0.024522499999875436,0,0,0,0,0,-5
0.000787000000855187,0,0,0,0,0,0
0.02418779999788967,0,0,0,0,0,-5
0.0007987999997567385,0,0,0,0,0,0
0.024164900001778733,0,0,0,0,0,-5
0.0008296999985759612,0,0,0,0,0,0
0.023610399999597576,0,0,0,0,0,-5
0.0008422000028076582,0,0,0,0,0,0
0.11601709999740706,0,0,0,0,0,5
0.0009525000023131724,0,0,0,0,0,0
0.023498599999584258,0,0,0,0,0,5
0.0008921000007831026,0,0,0,0,0,0
0.023192499997094274,0,0,0,0,0,5
0.0008250000028056093,0,0,0,0,0,0
0.02500099999815575,0,0,0,0,0,5
0.000934600000618957,0,0,0,0,0,0
0.0231153999993694,0,0,0,0,0,5
0.0008942000022216234,0,0,0,0,0,0
0.022451599998021265,0,0,0,0,0,5
0.0007636000009370036,0,0,0,0,0,0
0.02431309999883524,0,0,0,0,0,5
0.0009227000009559561,0,0,0,0,0,0
0.023491200001444668,0,0,0,0,0,5
0.0008128999979817308,0,0,0,0,0,0
0.024101999999402324,0,0,0,0,0,5
0.0008211999993363861,0,0,0,0,0,0
0.023135600000387058,0,0,0,0,0,5
0.0008670999995956663,0,0,0,0,0,0
0.023215700002765516,0,0,0,0,0,5
0.0008796000001893844,0,0,0,0,0,0
0.02393879999726778,0,0,0,0,0,5
0.0008498000024701469,0,0,0,0,0,0
0.024172299999918323,0,0,0,0,0,5
0.0009319999990111683,0,0,0,0,0,0
0.022515000000566943,0,0,0,0,0,5
0.0008483999990858138,0,0,0,0,0,0
0.024193299999751616,0,0,0,0,0,5
0.0008784999990893994,0,0,0,0,0,0
0.0234788000016124,0,0,0,0,0,5
0.0008318000000144821,0,0,0,0,0,0
0.02323450000039884,0,0,0,0,0,5
0.0008911000004445668,0,0,0,0,0,0
0.023087499997927807,0,0,0,0,0,5
0.0009028999993461184,0,0,0,0,0,0
0.023494800003390992,0,0,0,0,0,5
0.0008339999985764734,0,0,0,0,0,0
0.023610799999005394,0,0,0,0,0,5
0.0011253000011492986,0,0,0,0,0,0
0.023318499999732012,0,0,0,0,0,5
0.000842400000692578,0,0,0,0,0,0
0.024085299999569543,0,0,0,0,0,5
0.0008589999997639097,0,0,0,0,0,0
0.024645299999974668,0,0,0,0,0,5
0.0008699999998498242,0,0,0,0,0,0
0.024080600000161212,0,0,0,0,0,5
0.0008297999993374106,0,0,0,0,0,0
0.025193199999193894,0,0,0,0,0,5
0.0008998000012070406,0,0,0,0,0,0
0.023469799998565577,0,0,0,0,0,5
0.001106600000639446,0,0,0,0,0,0
0.023908700000902172,0,0,0,0,0,5
0.001209400001243921,0,0,0,0,0,0
0.023296100000152364,0,0,0,0,0,5
0.0008583999988331925,0,0,0,0,0,0
0.025203000001056353,0,0,0,0,0,5
0.0008540999988326803,0,0,0,0,0,0
0.02238719999877503,0,0,0,0,0,5
0.0008443000006082002,0,0,0,0,0,0
0.023651800001971424,0,0,0,0,0,5
0.0008596999978180975,0,0,0,0,0,0
0.023134400002163602,0,0,0,0,0,5
0.0008239999988290947,0,0,0,0,0,0
0.023208899998280685,0,0,0,0,0,5
0.0008264999996754341,0,0,0,0,0,0
0.02301400000214926,0,0,0,0,0,5
0.0008263999989139847,0,0,0,0,0,0
0.023201600000902545,0,0,0,0,0,5
0.0008606000010331627,0,0,0,0,0,0
0.02358759999697213,0,0,0,0,0,5
0.0008336999999301042,0,0,0,0,0,0
0.02404260000184877,0,0,0,0,0,5
0.0007858999997552019,0,0,0,0,0,0
0.02420920000076876,0,0,0,0,0,5
0.0007966000011947472,0,0,0,0,0,0
0.024229499998909887,0,0,0,0,0,5
0.0008921000007831026,0,0,0,0,0,0
0.022529899997607572,0,0,0,0,0,5
0.0009176999992632773,0,0,0,0,0,0
0.023009800002910197,0,0,0,0,0,5
0.0008806000005279202,0,0,0,0,0,0
0.0241755999995803,0,0,0,0,0,5
0.000985999999102205,0,0,0,0,0,0
0.02387570000064443,0,0,0,0,0,5
0.0008378999991691671,0,0,0,0,0,0
0.0246621000005689,0,0,0,0,0,5
0.0010247999998682644,0,0,0,0,0,0
0.023380999999062624,0,0,0,0,0,5
0.000794399998994777,0,0,0,0,0,0
0.023363000000244938,0,0,0,0,0,5
0.0008183999998436775,0,0,0,0,0,0
0.02298030000019935,0,0,0,0,0,5
0.0008339000014530029,0,0,0,0,0,0
0.023654000000533415,0,0,0,0,0,5
0.0008544999982404988,0,0,0,0,0,0
0.023590700002387166,0,0,0,0,0,5
0.0008804999997664709,0,0,0,0,0,0
0.023122200000216253,0,0,0,0,0,5
0.0008622999994258862,0,0,0,0,0,0
0.024576399999205023,0,0,0,0,0,5
0.0008931000011216383,0,0,0,0,0,0
0.02366759999858914,0,0,0,0,0,5
0.0008171000008587725,0,0,0,0,0,0
0.023019399999611778,0,0,0,0,0,5
0.000826999999844702,0,0,0,0,0,0
0.023605399997904897,0,0,0,0,0,5
0.000794700001279125,0,0,0,0,0,0
0.024134999999660067,0,0,0,0,0,5
0.000931700000364799,0,0,0,0,0,0
0.024019600001338404,0,0,0,0,0,5
0.0008613999998487998,0,0,0,0,0,0
0.024060499999905005,0,0,0,0,0,5
0.0008826000012049917,0,0,0,0,0,0
0.022676099997624988,0,0,0,0,0,5
0.0009718000001157634,0,0,0,0,0,0
0.022935500001040054,0,0,0,0,0,5
0.0007703000010224059,0,0,0,0,0,0
0.023334599998634076,0,0,0,0,0,5
0.0008885999995982274,0,0,0,0,0,0
0.09037750000061351,-2,4,-56,2,6,-2
0.0008646999995107763,0,0,-2,0,0,0
0.023779899998771725,-3,5,-60,2,7,-2
0.0009281000020564534,0,0,-2,0,0,0
0.023426199997629737,-3,5,-60,2,7,-2
0.0009812000025704037,0,0,-2,0,0,0
0.022896799997397466,-3,5,-60,2,7,-2
0.0008214000008592848,0,0,-2,0,0,0
0.02412919999915175,-3,5,-64,2,7,-2
0.0008831000013742596,0,0,-2,0,0,0
0.024619100000563776,-3,6,-66,2,8,-2
0.0008754999980737921,0,0,-2,0,0,0
0.023564000002807006,-3,5,-64,2,8,-2
0.0008395999975618906,0,0,-2,0,0,0
0.02357530000153929,-3,6,-65,2,8,-2
0.0008726999985810835,0,0,-2,0,0,0
0.023134600000048522,-3,6,-64,2,8,-2
0.0008780999996815808,0,0,-2,0,0,0
0.023300600001675775,-3,6,-65,2,8,-2
0.000983900001301663,0,0,-3,0,0,0
0.022368999998434447,-3,6,-64,2,8,-2
0.0008621000015409663,0,0,-2,0,0,0
0.02249419999861857,-3,6,-65,2,8,-2
0.0008826999983284622,0,0,-2,0,0,0
0.02361180000298191,-3,6,-69,2,8,-2
0.000936699998419499,0,0,-2,0,0,0
0.02347599999848171,-3,6,-70,2,8,-2
0.0008468000014545396,0,0,-2,0,0,0
0.024121599999489263,-3,7,-73,2,9,-2
0.0009314000017184298,0,0,-2,0,0,0
0.02361889999883715,-3,7,-72,2,9,-2
0.0008582000009482726,0,0,-2,0,0,0
0.023497300000599353,-3,7,-73,2,9,-2
0.000872299999173265,0,0,-2,0,0,0
0.023126699998101685,-3,7,-73,2,9,-2
0.0008795000030659139,0,0,-2,0,0,0
0.024064899997028988,-3,8,-77,2,9,-2
0.0008856999993440695,0,0,-2,0,0,0
0.13348880000194185,3,-7,69,-2,-8,2
0.0009153999999398366,0,0,3,0,0,0
0.022470600000815466,3,-7,71,-2,-8,2
0.0009514999983366579,0,0,2,0,0,0
0.023481600001105107,3,-7,73,-2,-9,2
0.0008477999981550965,0,0,2,0,0,0
0.024149300003045937,3,-7,74,-2,-9,2
0.0009021999976539519,0,0,2,0,0,0
0.02402319999964675,3,-7,73,-2,-9,2
0.0007694000014453195,0,0,2,0,0,0
0.023800999999366468,3,-7,71,-2,-8,2
0.0008563000010326505,0,0,2,0,0,0
0.02345199999763281,3,-6,69,-2,-8,2
0.0007654000000911765,0,0,2,0,0,0
0.02432520000002114,3,-6,70,-2,-8,2
0.0008314000006066635,0,0,2,0,0,0
0.023552400001790375,3,-6,67,-2,-8,2
0.000940399997489294,0,0,2,0,0,0
0.023466900001949398,3,-6,67,-2,-8,2
0.000793100000009872,0,0,2,0,0,0
0.02322439999989001,3,-6,64,-2,-8,2
0.0008887000003596768,0,0,2,0,0,0
0.024026899998716544,3,-6,66,-2,-8,2
0.0008171000008587725,0,0,2,0,0,0
0.024715600000490667,3,-6,67,-2,-8,2
0.0008416999990004115,0,0,2,0,0,0
0.024575600000389386,3,-6,65,-2,-8,2
0.0008329999982379377,0,0,2,0,0,0
0.024704300001758384,3,-5,65,-2,-8,2
0.0008582000009482726,0,0,2,0,0,0
0.024055899997620145,3,-5,63,-2,-7,2
0.0009710000013001263,0,0,2,0,0,0
0.023961700000654673,3,-5,62,-3,-7,2
0.0009685000004537869,0,0,2,0,0,0
0.024506399997335393,3,-5,62,-3,-7,3
0.0011892000002262648,0,0,2,0,0,0
0.023252400002093054,3,-5,59,-3,-7,3
0.0009626999999454711,0,0,2,0,0,0
0.02310579999902984,2,-4,57,-3,-6,3
0.0009554999996908009,0,0,2,0,0,0
0.023135400002502138,2,-4,56,-3,-6,3
0.0009381999989273027,0,0,2,0,0,0
0.022283999998762738,2,-4,54,-3,-6,3
0.000849000000016531,0,0,2,0,0,0
0.023656199999095406,2,-4,56,-3,-6,3
0.0008592000012868084,0,0,2,0,0,0
0.024609100000816397,2,-4,58,-3,-6,3
0.000863299999764422,0,0,2,0,0,0
0.023561900001368485,2,-4,55,-3,-6,3
0.0009187999967252836,0,0,2,0,0,0
0.023123599999962607,2,-4,53,-3,-6,3
0.0009268000030715484,0,0,2,0,0,0
0.02342799999678391,2,-3,53,-3,-6,3
0.0007618000017828308,0,0,2,0,0,0
0.024191199998313095,2,-3,55,-3,-6,3
0.0008492000015394296,0,0,1,0,0,0
0.023259199999301927,2,-3,52,-3,-5,3
0.0009098000009544194,0,0,2,0,0,0
0.023975600000994746,2,-3,53,-3,-5,3
0.0008634000005258713,0,0,2,0,0,0
0.024505199999111937,-17,-3,18,1,-5,-1
0.0008940000006987248,0,0,0,0,0,0
0.024028799998632167,-17,-3,17,1,-5,-1
0.0008052999983192421,0,0,0,0,0,0
0.02321020000090357,-16,-3,16,1,-5,-1
0.0007695999993302394,0,0,0,0,0,0
0.023697100001299987,-17,-3,16,1,-5,-1
0.0009013999988383148,0,0,0,0,0,0
0.02383430000190856,-17,-3,15,1,-5,-1
0.0009237999984179623,0,0,0,0,0,0
0.023859700002503814,-17,-3,15,1,-5,-1
0.0008313999969686847,0,0,0,0,0,0
0.023586200000863755,-17,-3,14,1,-5,-1
0.0008835000007820781,0,0,0,0,0,0
0.02399850000074366,-17,-2,14,1,-5,-1
0.0008624999973108061,0,0,0,0,0,0
0.02412640000329702,-17,-2,13,1,-5,-1
0.0008394999968004413,0,0,0,0,0,0
0.023124600000301143,-17,-2,12,1,-5,-1
0.0008849000005284324,0,0,0,0,0,0
0.0231856999998854,-17,-2,12,1,-5,-1
0.0009251000010408461,0,0,0,0,0,0
0.022972300001129042,-17,-2,11,1,-5,-1
0.0009231000003637746,0,0,0,0,0,0
0.025035199996636948,-18,-2,12,1,-5,-1
0.0009268000030715484,0,0,0,0,0,0
0.024009499997191597,-17,-2,10,1,-5,-1
0.0008197999995900318,0,0,0,0,0,0
0.0231106000028376,-17,-2,10,1,-5,-1
0.0008874999984982423,0,0,0,0,0,0
0.023604900001373608,-17,-2,9,1,-5,-1
0.0008808999991742894,0,0,0,0,0,0
0.023552700000436744,-17,-1,9,1,-5,-1
0.0008608999996795319,0,0,0,0,0,0
0.02407400000083726,-18,-1,9,1,-5,-1
0.000800499998149462,0,0,0,0,0,0
0.02378830000088783,-17,-1,8,1,-5,-1
0.0008392999989155214,0,0,0,0,0,0
0.023484900000767084,-17,-1,8,1,-5,-1
0.000853000001370674,0,0,0,0,0,0
0.02414859999771579,-18,-1,7,1,-5,-2
0.0009086999998544343,0,0,0,0,0,0
0.023971000002347864,-18,-1,6,1,-5,-2
0.0008954000004450791,0,0,0,0,0,0
0.024152199999662116,-18,-1,6,1,-5,-2
0.0007860999976401217,0,0,0,0,0,0
0.024109100002533523,-18,-1,5,1,-5,-2
0.0008624000001873355,0,0,0,0,0,0
0.024675799999386072,-18,-1,5,2,-5,-2
0.0007569000008516014,0,0,0,0,0,0
0.02466219999769237,-18,0,5,2,-5,-2
0.0008429000008618459,0,0,0,0,0,0
0.023653500000364147,-18,0,4,2,-4,-2
0.00080579999848851,0,0,0,0,0,0
0.02315190000081202,-17,0,3,2,-4,-2
0.0008008000004338101,0,0,0,0,0,0
0.023736399998597335,-18,0,3,2,-4,-2
0.0008937000020523556,0,0,0,0,0,0
0.025236499997845385,-19,0,2,2,-5,-2
0.0007779000006848946,0,0,0,0,0,0
0.02255470000091009,-17,0,2,2,-4,-2
0.0008377999984077178,0,0,0,0,0,0
0.023480100000597304,-17,0,1,2,-4,-2
0.0007918000010249671,0,0,0,0,0,0
0.02370399999927031,-18,0,1,2,-4,-2
0.000864400000864407,0,0,0,0,0,0
0.02363569999943138,-18,0,0,2,-4,-2
0.0008597999985795468,0,0,0,0,0,0
0.02357760000086273,-18,0,0,2,-4,-2
0.0008828999998513609,0,0,0,0,0,0
0.024124100000335602,-18,0,0,2,-4,-2
0.0008259999995061662,0,0,0,0,0,0
0.02509990000180551,-19,0,-1,2,-4,-2
0.0009037999989232048,0,0,0,0,0,0
0.023499899998569163,-18,0,-1,2,-4,-2
0.0009055000009539071,0,0,0,0,0,0
0.02311320000080741,-17,0,-1,2,-4,-2
0.000947600001381943,0,0,0,0,0,0
0.022589199998037657,-17,0,-2,2,-4,-2
0.0007967000019561965,0,0,0,0,0,0
0.024570799996581627,-18,0,-2,2,-4,-2
0.0007903000005171634,0,0,0,0,0,0
0.023170899999968242,-17,0,-3,2,-4,-2
0.000856700000440469,0,0,0,0,0,0
0.02303570000003674,-17,0,-4,2,-4,-2
0.0008608999996795319,0,0,0,0,0,0
0.024173500001779757,-18,0,-4,2,-4,-3
0.0007846999978937674,0,0,0,0,0,0
0.02342260000295937,-17,1,-5,2,-3,-3
0.0008239999988290947,0,0,0,0,0,0
0.02388019999852986,-18,1,-5,2,-3,-3
0.0008302999995066784,0,0,0,0,0,0
0.024413000002823537,-18,1,-6,3,-3,-3
0.0008295999978145119,0,0,0,0,0,0
0.022789800001191907,-17,1,-6,2,-3,-3
0.0011090000007243361,0,0,0,0,0,0
0.022923199998331256,-17,1,-6,2,-3,-3
0.0009171000019705389,0,0,0,0,0,0
0.024024299997108756,-18,1,-7,3,-3,-3
0.0008510000006936025,0,0,0,0,0,0
0.024113300001772586,-18,1,-8,3,-3,-3
0.0008229999984905589,0,0,0,0,0,0
0.02361880000171368,-17,1,-8,3,-3,-3
0.0008401999984926078,0,0,0,0,0,0
0.024111099999572616,-18,1,-9,3,-3,-3
0.0008218000002671033,0,0,0,0,0,0
0.02471250000235159,-18,2,-10,3,-3,-3
0.00084209999840823,0,0,0,0,0,0
0.024077199999737786,-17,2,-10,3,-3,-3
0.0009653999986767303,0,0,0,0,0,0
0.023957100002007792,-17,2,-10,3,-2,-3
0.0008361000000149943,0,0,0,0,0,0
0.02315439999802038,-17,2,-10,3,-2,-3
0.0008904000023903791,0,0,0,0,0,0
0.025100200000451878,-18,2,-12,3,-2,-3
0.0008602999987488147,0,0,0,0,0,0
0.024041399999987334,-17,2,-12,3,-2,-3
0.0008325999988301191,0,0,0,0,0,0
0.024132300000928808,-17,2,-13,3,-2,-3
0.00079600000026403,0,0,0,0,0,0
0.02366020000044955,-17,2,-13,3,-2,-3
0.0008223000004363712,0,0,0,0,0,0
0.024675099997693906,-18,3,-14,3,-2,-3
0.0008675000026414637,0,0,0,0,0,0
0.023572299996885704,-17,3,-14,3,-2,-3
0.0008289000033983029,0,0,0,0,0,0
0.023122699996747542,-16,3,-14,3,-2,-3
0.0008449000015389174,0,0,0,0,0,0
0.0246326999986195,-17,3,-16,3,-2,-4
0.0009204000016325153,0,0,0,0,0,0
0.024021699999138946,-17,3,-16,3,-1,-3
0.0008517999995092396,0,0,0,0,0,0
0.023688500001298962,-17,3,-16,3,-1,-3
0.0009381999989273027,0,0,0,0,0,0
0.022408100001484854,-16,3,-16,3,-1,-3
0.0007937000009405892,0,0,0,0,0,0
0.023743899997498374,-17,3,-17,3,-1,-3
0.0008866999996826053,0,0,0,0,0,0
0.0241466000006767,-17,3,-18,3,-1,-4
0.0009836999997787643,0,0,0,0,0,0
0.02349289999983739,-16,3,-18,3,-1,-3
0.0008464000020467211,0,0,0,0,0,0
0.023535399999673245,-16,3,-18,3,-1,-3
0.0009178000000247266,0,0,0,0,0,0
0.023497199999837903,-16,3,-19,3,0,-3
0.0008311999990837649,0,0,0,0,0,0
0.024638300001242897,-17,4,-21,3,0,-4
0.0008158999989973381,0,0,0,0,0,0
0.02461129999937839,-17,4,-21,3,0,-4
0.0008230999992520083,0,0,0,0,0,0
0.023180500000307802,-16,4,-21,3,0,-3
0.0008538000001863111,0,0,-1,0,0,0
0.024597600000561215,-17,4,-22,3,0,-4
0.000906000001123175,0,0,-1,0,0,0
0.02401069999905303,-16,4,-22,3,0,-4
0.0008309000004373956,0,0,-1,0,0,0
0.02467650000107824,-16,4,-24,3,0,-4
0.0008607999989180826,0,0,-1,0,0,0
0.0241174000002502,-16,4,-24,3,0,-4
0.0010053000005427748,0,0,-1,0,0,0
0.023324899997533066,-15,4,-24,3,0,-3
0.0008409000001847744,0,0,-1,0,0,0
0.023851800000556977,-16,4,-25,3,0,-3
0.000838700001622783,0,0,-1,0,0,0
0.023431599998730235,-15,4,-25,3,0,-3
0.001390599998558173,0,0,-2,0,0,0
0.02259540000159177,0,1,-58,0,7,0
0.0008364999994228128,0,0,-2,0,0,0
0.023124600000301143,0,2,-59,0,7,0
0.0008022000001801644,0,0,-2,0,0,0
0.024720900000829715,0,2,-64,0,8,0
0.0008698999990883749,0,0,-2,0,0,0
0.023569600001792423,0,2,-62,0,8,0
0.0008402999992540572,0,0,-2,0,0,0
0.023599000000103842,0,2,-63,0,8,0
0.0008152999980666209,0,0,-2,0,0,0
0.02414649999991525,0,2,-65,0,8,0
0.0008226000027207192,0,0,-2,0,0,0
0.023146399998950073,0,2,-63,0,8,0
0.000945699997828342,0,0,-2,0,0,0
0.023526200002379483,0,3,-65,0,8,0
0.0008723999999347143,0,0,-2,0,0,0
0.024558299999625888,0,3,-69,0,8,0
0.0009428999983356334,0,0,-2,0,0,0
0.024019899999984773,0,3,-69,0,8,0
0.0008369000024686102,0,0,-2,0,0,0
0.02317649999895366,0,3,-67,0,8,0
0.0008717000018805265,0,0,-2,0,0,0
0.023030399999697693,0,3,-68,0,8,0
0.0008197999995900318,0,0,-2,0,0,0
0.024181199998565717,0,3,-72,0,8,0
0.0008254999993368983,0,0,-2,0,0,0
0.024177300001611002,0,4,-73,0,8,0
0.0008412999995925929,0,0,-2,0,0,0
0.02410519999830285,0,4,-74,0,8,0
0.0009041000012075529,0,0,-3,0,0,0
0.022588899999391288,0,4,-71,0,8,0
0.0010516000002098735,0,0,-2,0,0,0
0.023339800001849653,0,4,-75,0,8,0
0.0007296000003407244,0,0,-2,0,0,0
0.023213699998450466,0,4,-75,0,8,0
0.0008583999988331925,0,0,-2,0,0,0
0.024642700002004858,0,5,-81,0,9,0
0.0009515999990981072,0,0,-3,0,0,0
0.023438299998815637,0,5,-79,0,9,0
0.0008086000016191974,0,0,-2,0,0,0
0.023185099998954684,0,5,-80,0,9,0
0.000812700000096811,0,0,-2,0,0,0
0.023709400000370806,0,5,-83,0,9,0
0.0009228999988408759,0,0,-3,0,0,0
0.02408330000253045,0,5,-85,0,9,0
0.000821399997221306,0,0,-3,0,0,0
0.024138000000675675,0,6,-87,0,9,0
0.000867300001118565,0,0,-4,0,0,0
0.023990699999558274,0,6,-89,0,9,0
0.0008419000005233102,0,0,-3,0,0,0
0.024188299998058937,0,6,-91,0,9,0
0.0008428000001003966,0,0,-3,0,0,0
0.02429420000044047,0,6,-93,0,9,0
0.0009318000011262484,0,0,-4,0,0,0
0.023856499999965308,0,7,-95,0,10,0
0.0008927000017138198,0,0,-4,0,0,0
0.023615599999175174,0,7,-96,0,10,0
0.0008863000002747867,0,0,-4,0,0,0
0.022432999998272862,-5,-7,-12,0,6,0
0.0008457000003545545,0,0,0,0,0,0
0.02370560000053956,-6,-15,84,0,-3,0
0.0008340999993379228,0,0,3,0,0,0
0.023545000000012806,-6,-14,81,0,-3,0
0.0009546000001137145,0,0,3,0,0,0
0.02419490000102087,-6,-15,82,0,-3,0
0.0008488999992550816,0,0,3,0,0,0
0.023499399998399895,-6,-14,78,0,-2,0
0.0009595000010449439,0,0,3,0,0,0
0.024462800000037532,-6,-14,80,1,-2,0
0.0008703999992576428,0,0,3,0,0,0
0.0236311000007845,-6,-14,75,0,-2,0
0.000790699999924982,0,0,2,0,0,0
0.024385200002143392,-6,-14,75,1,-2,0
0.000893999997060746,0,0,4,0,0,0
0.02384620000157156,-7,-14,73,1,-2,-1
0.0008463999984087422,0,0,2,0,0,0
0.02456460000030347,-7,-14,74,1,-2,-1
0.0008291000012832228,0,0,2,0,0,0
0.023613000001205364,-7,-13,69,1,-2,-1
0.0008390000002691522,0,0,2,0,0,0
0.023233799998706672,-7,-13,67,1,-1,-1
0.0008048999989114236,0,0,2,0,0,0
0.023498999998992076,-7,-13,67,1,-1,-1
0.0009531000032438897,0,0,2,0,0,0
0.023060899999109097,-7,-12,65,1,-1,-1
0.000853999998071231,0,0,2,0,0,0
0.02462039999954868,-7,-13,68,1,-1,-1
0.0009247000016330276,0,0,2,0,0,0
0.02400649999981397,-7,-13,65,1,-1,-1
0.0009558000019751489,0,0,2,0,0,0
0.022999199998594122,-7,-12,61,1,-1,-1
0.0008444000013696495,0,0,2,0,0,0
0.024115699998219498,-8,-13,63,1,-1,-1
0.0008861999995133374,0,0,2,0,0,0
0.024135399999067886,-8,-12,62,1,-1,-1
0.0008717000018805265,0,0,2,0,0,0
0.024029399999562884,-8,-12,61,1,0,-1
0.0008998999983305112,0,0,2,0,0,0
0.023140600002079736,-8,-12,57,1,0,-1
0.0008477999981550965,0,0,2,0,0,0
0.024616400001832517,-8,-12,60,1,0,-1
0.0008624000001873355,0,0,2,0,0,0
0.02457199999844306,-8,-12,59,1,0,-1
0.000879000002896646,0,0,2,0,0,0
0.02405679999719723,-8,-12,57,1,0,-1
0.0008124000014504418,0,0,2,0,0,0
0.023629700001038145,-8,-12,55,1,0,-1
0.0008810999970592093,0,0,2,0,0,0
0.024548600002162857,-9,-12,56,1,0,-1
0.0008429999979853164,0,0,2,0,0,0
0.024194100002205232,-9,-12,55,1,0,-1
0.0009413999978278298,0,0,2,0,0,0
0.023937500001920853,-9,-12,53,1,0,-1
0.0008232000000134576,0,0,2,0,0,0
0.024210399998992216,-9,-12,53,1,0,-1
0.0008621999986644369,0,0,2,0,0,0
0.02456730000267271,-9,-12,53,1,0,-1
0.0007965999975567684,0,0,2,0,0,0
0.023640000003069872,-9,-11,50,1,0,-1
0.0008762999968894292,0,0,2,0,0,0
0.02355300000272109,-9,-11,49,1,0,-1
0.0008132000002660789,0,0,1,0,0,0
0.024720699999306817,-10,-12,51,1,0,-1
0.0008821999981591944,0,0,1,0,0,0
0.02355330000136746,-10,-11,48,1,0,-1
0.0008421999991696794,0,0,1,0,0,0
0.023080900002241833,-10,-11,46,1,0,-1
0.0008682999978191219,0,0,1,0,0,0
0.023678000001382316,-10,-11,46,1,0,-1
0.0008784999990893994,0,0,1,0,0,0
0.0230864000004658,-10,-11,45,1,0,-1
0.0008902000008674804,0,0,1,0,0,0
0.024561999998695683,-11,-11,47,1,0,-1
0.0008426999993389472,0,0,1,0,0,0
0.024121400001604343,-11,-11,45,1,0,-1
0.0008304999973915983,0,0,1,0,0,0
0.02460380000047735,-12,-11,46,1,0,-1
0.0008166000006895047,0,0,1,0,0,0
0.024135700001352234,-12,-11,44,1,1,-1
0.0008898999985831324,0,0,1,0,0,0
0.023117000000638654,-11,-10,42,1,1,-1
0.0008318000000144821,0,0,1,0,0,0
0.024589900000137277,-12,-11,44,1,1,-1
0.0008536999994248617,0,0,1,0,0,0
0.025074699999095174,-13,-11,44,1,1,-1
0.0008065000001806766,0,0,1,0,0,0
0.024142500002199085,-13,-10,41,1,1,-1
0.0008766999999352265,0,0,1,0,0,0
0.023148399999627145,-12,-10,39,1,1,-1
0.0008314000006066635,0,0,1,0,0,0
0.024597999999969034,-13,-11,41,1,1,-1
0.0009100999996007886,0,0,1,0,0,0
0.023974299998371862,-13,-10,40,1,1,-1
0.000800000001618173,0,0,1,0,0,0
0.023722300000372343,-13,-10,38,1,1,-1
0.0009085999990929849,0,0,1,0,0,0
0.02404739999838057,-14,-10,38,2,2,-1
0.0009180000015476253,0,0,1,0,0,0
0.02305999999953201,-13,-10,36,1,2,-1
0.0008253000014519785,0,0,1,0,0,0
0.024415699997916818,-14,-10,37,2,2,-1
0.0008429000008618459,0,0,1,0,0,0
0.023348999999143416,-14,-10,36,2,2,-1
0.0008226999998441897,0,0,1,0,0,0
0.02467380000234698,-15,-10,37,2,2,-2
0.0008300999979837798,0,0,1,0,0,0
0.025067599999601953,-16,-10,37,2,2,-2
0.0008422999999311287,0,0,1,0,0,0
0.024169000000256347,-15,-10,35,2,2,-2
0.0009172999998554587,0,0,1,0,0,0
0.023982900002010865,-16,-10,34,2,2,-2
0.0009022999984154012,0,0,1,0,0,0
0.023050800002238248,-15,-9,32,2,2,-2
0.0008275000000139698,0,0,1,0,0,0
0.023684099996899022,-16,-9,33,2,3,-2
0.0009350000000267755,0,0,1,0,0,0
0.0248864000022877,-17,-10,34,2,3,-2
0.0008283999995910563,0,0,1,0,0,0
0.024778700000751996,-17,-10,33,2,3,-2
0.0008232000000134576,0,0,1,0,0,0
0.024053099998127436,-17,-9,32,2,3,-2
0.0008707000015419908,0,0,1,0,0,0
0.023596399998496054,-17,-9,30,2,3,-2
0.0008226999998441897,0,0,1,0,0,0
0.024326000002474757,-18,-9,30,2,3,-2
0.0009229999996023253,0,0,1,0,0,0
0.02346409999881871,-18,-9,29,2,3,-2
0.0008159999997587875,0,0,1,0,0,0
0.02400090000082855,-19,-9,29,2,3,-2
0.00073079999856418,0,0,1,0,0,0
0.02432570000019041,-19,-9,29,2,4,-2
0.0008612999990873504,0,0,1,0,0,0
0.023143500002333894,-19,-8,27,2,4,-2
0.0009054999973159283,0,0,1,0,0,0
0.025098200003412785,-21,-9,29,2,4,-2
0.0009031999979924876,0,0,1,0,0,0
0.023929800001496915,-21,-9,27,2,4,-2
0.0008054999998421408,0,0,1,0,0,0
0.023139599998103222,-20,-8,25,2,4,-2
0.0008321000022988301,0,0,1,0,0,0
0.023757799997838447,-21,-8,26,2,4,-2
0.0012176999989605974,0,0,1,0,0,0
0.023142900001403177,-21,-8,25,2,4,-2
0.0008492999986629002,0,0,1,0,0,0
0.023620300002221484,-22,-8,25,2,4,-2
0.0008912000012060162,0,0,1,0,0,0
0.024576299998443574,-23,-8,25,2,5,-2
0.0008898999985831324,0,0,1,0,0,0
0.20231330000024172,21,7,-22,-2,-4,2
0.0008526000019628555,0,0,-1,0,0,0
0.02383669999835547,22,8,-24,-2,-4,2
0.0007932000007713214,1,0,-1,0,0,0
0.023338899998634588,21,8,-25,-2,-4,2
0.0008973000003607012,0,0,-1,0,0,0
0.023087000001396518,21,8,-25,-2,-4,2
0.0008458999982394744,0,0,-1,0,0,0
0.023138600001402665,20,8,-25,-2,-4,2
0.0008430999987467658,0,0,-1,0,0,0
0.025074700002733152,22,9,-28,-2,-4,2
0.001099899996916065,0,0,-1,0,0,0
0.022928200000023935,19,8,-26,-2,-4,2
0.0008300000008603092,0,0,-1,0,0,0
0.023680700000113575,19,9,-28,-2,-4,2
0.0009430999998585321,0,0,-1,0,0,0
0.0235075999989931,19,9,-28,-2,-4,2
0.0008881000030669384,0,0,-1,0,0,0
0.023526199998741504,18,9,-29,-2,-3,2
0.0008555999993404839,0,0,-1,0,0,0
0.02312520000123186,18,9,-28,-2,-3,2
0.0008755999988352414,0,0,-1,0,0,0
0.023560400000860682,18,9,-29,-2,-3,2
0.0008802000011201017,0,0,-1,0,0,0
0.024086599998554448,18,9,-31,-2,-3,2
0.0009529999988444615,0,0,-1,0,0,0
0.022981000001891516,17,9,-30,-2,-3,2
0.000861699998495169,0,0,-1,0,0,0
0.023117500000807922,17,9,-30,-2,-3,2
0.000814300001366064,0,0,-1,0,0,0
0.20435670000006212,0,4,-66,0,6,0
0.0008223999975598417,0,0,-2,0,0,0
0.024681800001417287,0,5,-75,0,7,1
0.0009140000001934823,0,0,-2,0,0,0
0.02398429999811924,0,5,-74,0,7,1
0.0009169000004476402,0,0,-2,0,0,0
0.023666699999012053,0,5,-73,0,7,0
0.0008214000008592848,0,0,-3,0,0,0
0.022536399999808054,0,5,-71,0,7,0
0.0009586000014678575,0,0,-3,0,0,0
0.024465099999360973,0,6,-78,0,7,1
0.0008393999996769708,0,0,-2,0,0,0
0.02312549999987823,0,6,-75,0,7,0
0.0008512000022165012,0,0,-2,0,0,0
0.02362359999824548,0,6,-77,0,7,0
0.0008314000006066635,0,0,-2,0,0,0
0.024707199998374563,0,6,-81,0,7,0
0.0008642000029794872,0,0,-3,0,0,0
0.02300989999639569,0,6,-76,0,7,0
0.0008808000020508189,0,0,-2,0,0,0
0.024106599998049205,0,6,-81,0,7,0
0.0009123000018007588,0,0,-3,0,0,0
0.024063699998805532,0,6,-82,0,7,0
0.0009236000005330425,0,0,-3,0,0,0
0.025006700001540594,0,7,-87,0,8,0
0.0008411999988311436,0,0,-3,0,0,0
0.024179500000172993,0,7,-84,0,8,0
0.0008200000011129305,0,0,-3,0,0,0
0.024089099999400787,0,7,-85,0,8,0
0.0008096999990812037,0,0,-3,0,0,0
0.023675500000535976,0,7,-85,0,8,0
0.0009232999982486945,0,0,-3,0,0,0
0.023179700001492165,0,7,-84,0,7,0
0.000891399999090936,0,0,-4,0,0,0
0.02284270000018296,0,7,-84,0,7,0
0.0008335000020451844,0,0,-3,0,0,0
0.024150099998223595,0,8,-90,0,8,0
0.0007446000017807819,0,0,-3,0,0,0
0.023688899997068802,0,8,-89,0,8,0
0.0008333000005222857,0,0,-3,0,0,0
0.023533300001872703,0,8,-89,0,8,0
0.0010942000008071773,0,0,-5,0,0,0
0.02359029999934137,0,8,-92,0,8,0
0.0008660999992571305,0,0,-4,0,0,0
0.023097000001143897,0,8,-91,0,8,0
0.0008794999994279351,0,0,-4,0,0,0
0.024014800001168624,0,9,-97,0,8,0
0.0008636999991722405,0,0,-4,0,0,0
0.024089700000331504,0,9,-99,0,8,0
0.0008275000000139698,0,0,-4,0,0,0
0.023149099997681333,0,9,-96,0,8,0
0.0009368000028189272,0,0,-4,0,0,0
0.02410059999965597,0,9,-102,0,9,0
0.0008568999983253889,0,0,-4,0,0,0
0.023557799999252893,0,9,-102,0,9,0
0.0008335999991686549,0,0,-4,0,0,0
0.024578000000474276,0,10,-108,0,9,0
0.000976999999693362,0,0,-4,0,0,0
0.023573400001623668,0,10,-107,0,9,0
0.0009137000015471131,0,0,-5,0,0,0
0.022428000000218162,0,10,-104,0,9,0
0.0008716999982425477,0,0,-4,0,0,0
0.02362849999917671,0,11,-111,0,9,0
0.0008665000023029279,0,0,-4,0,0,0
0.023093299998436123,0,11,-111,0,9,0
0.0008889000018825755,0,0,-4,0,0,0
0.023034999998344574,0,11,-114,0,9,0
0.0008105000015348196,0,0,-4,0,0,0
0.023686499996983912,0,12,-120,0,10,0
0.0008854000006977003,0,0,-4,0,0,0
0.023706500000116648,0,12,-123,0,10,0
0.000805300001957221,0,0,-5,0,0,0
0.023511299998062896,0,13,-126,0,10,0
0.001036100002238527,0,0,-5,0,0,0
0.02344929999890155,0,13,-130,0,11,0
0.0007948999991640449,0,0,-5,0,0,0
0.023172100001829676,0,13,-132,0,11,0
0.0007718999986536801,0,0,-5,0,0,0
0.02322429999912856,0,14,-136,0,11,0
0.00090970000019297,0,0,-5,0,0,0
0.023960400001669768,0,15,-147,0,12,0
0.0008691000002727378,0,0,-5,0,0,0
0.023186599999462487,0,15,-147,0,12,0
0.0008861999995133374,0,0,-6,0,0,0
0.023954399999638554,-17,5,-104,1,13,0
0.0008249999991676304,0,0,-4,0,0,0
0.02320490000056452,-17,-11,52,1,0,-1
0.0008397999990847893,0,0,2,0,0,0
0.023607400002219947,-17,-11,51,1,0,-1
0.0008099000006041024,0,0,1,0,0,0
0.023260499998286832,-17,-10,49,1,0,-1
0.0009036999981617555,0,0,1,0,0,0
0.024006500003451947,-18,-10,49,2,0,-1
0.0009046999985002913,0,0,2,0,0,0
0.02354149999882793,-18,-10,47,2,0,-1
0.0009315000024798792,0,0,1,0,0,0
0.02298279999740771,-18,-10,45,2,0,-1
0.0007313000023714267,0,0,1,0,0,0
0.024254299998574425,-20,-10,45,2,1,-1
0.0008024999988265336,0,0,1,0,0,0
0.02458400000250549,-21,-10,45,2,1,-1
0.000943299997743452,0,0,1,0,0,0
0.02306470000257832,-20,-9,41,2,1,-1
0.0011204999973415397,0,0,1,0,0,0
0.02288319999934174,-20,-9,40,2,1,-1
0.0008051000004343223,0,0,1,0,0,0
0.023114499999792315,-21,-9,39,2,1,-1
0.0008195000009436626,0,0,1,0,0,0
0.02359010000145645,-22,-9,38,2,1,-1
0.0007922000004327856,0,0,1,0,0,0
0.02419989999907557,-22,-9,38,2,2,-1
0.0007798000006005168,0,0,1,0,0,0
0.023733800000627525,-22,-9,37,2,2,-1
0.000798099998064572,0,0,1,0,0,0
0.024209800001699477,-23,-9,36,2,2,-1
0.0008934999968914781,0,0,1,0,0,0
0.11288970000168774,0,-13,124,0,-9,-1
0.0008927999988372903,0,0,5,0,0,0
0.023457800001779106,0,-14,130,0,-10,-1
0.0009140000001934823,0,0,5,0,0,0
0.024139699999068398,0,-13,130,0,-10,-1
0.0008702000013727229,0,0,5,0,0,0
0.024048799998126924,0,-13,126,0,-9,-1
0.0008722000020497944,0,0,5,0,0,0
0.024690399997780332,0,-13,125,0,-9,-1
0.000966899999184534,0,0,5,0,0,0
0.023522400002548238,0,-12,116,0,-9,-1
0.0008180999975593295,0,0,5,0,0,0
0.022475500001746695,0,-11,109,0,-8,-1
0.001097600001230603,0,0,4,0,0,0
0.023389999998471467,0,-11,112,0,-9,-1
0.0008631000018795021,0,0,4,0,0,0
0.023455599999579135,0,-11,107,0,-8,-1
0.0008957999998528976,0,0,6,0,0,0
0.4220590999975684,0,10,-104,0,8,1
0.0008591000005253591,0,0,-4,0,0,0
0.023670500002481276,0,11,-112,0,9,1
0.0009581999984220602,0,0,-4,0,0,0
0.023532999999588355,0,11,-114,0,9,1
0.0008038000014494173,0,0,-4,0,0,0
0.024619699997856515,0,12,-122,0,9,1
0.0008861000023898669,0,0,-4,0,0,0
0.025149299999611685,0,13,-127,0,10,1
0.0009270999980799388,0,0,-5,0,0,0
0.02321049999954994,0,12,-120,0,9,1
0.0009788000024855137,0,0,-6,0,0,0
0.023809299997083144,0,13,-127,0,10,1
0.0008358000013686251,0,0,-5,0,0,0
0.022497000001749257,0,13,-124,0,9,1
0.0008315999984915834,0,0,-5,0,0,0
0.02319569999963278,0,14,-131,0,10,1
0.0008115999989968259,0,0,-5,0,0,0
0.024681900002178736,0,15,-145,0,11,1
0.0008419999976467807,0,0,-6,0,0,0
0.02260980000210111,0,15,-138,0,10,1
0.000862000000779517,0,0,-6,0,0,0
0.023100700000213692,0,16,-146,0,11,1
0.0008567999975639395,0,0,-6,0,0,0
0.024518100002751453,0,18,-162,0,12,1
0.0008718999997654464,0,0,-5,0,0,0
0.024619799998617964,-25,9,-128,2,14,0
0.0008583999988331925,0,0,-5,0,0,0
0.025108100002398714,-25,10,-136,2,15,0
0.0009498999970674049,-1,0,-5,0,0,0
0.02205080000203452,-23,-8,38,2,1,-1
0.0008702999984961934,-1,0,1,0,0,0
0.022526100001414306,-24,-8,37,2,1,-1
0.0008223000004363712,0,0,1,0,0,0
0.02317839999886928,-25,-8,37,2,2,-1
0.0008935000005294569,0,0,1,0,0,0
0.023008699998172233,-25,-8,36,2,2,-1
0.0009536000034131575,0,0,1,0,0,0
0.024602099998446647,-28,-8,37,2,2,-1
0.0007560999983979855,-1,0,1,0,0,0
0.023637600002984982,-27,-8,34,2,2,-1
0.000866999998834217,-1,0,1,0,0,0
0.024089700000331504,-28,-8,34,2,2,-1
0.0008980999991763383,-1,0,1,0,0,0
0.023551800000859657,-28,-7,32,2,2,-1
0.0008454999988316558,0,0,1,0,0,0
0.023714599999948405,-29,-7,31,2,3,-1
0.0009337000010418706,-1,0,1,0,0,0
0.022925900000700494,-29,-7,29,2,3,-1
0.0009609999979147688,-1,0,1,0,0,0
0.024447700001474004,-31,-7,29,3,3,-1
0.0008090999981504865,-1,0,1,0,0,0
0.02293160000044736,-30,-6,27,2,3,-1
0.0008324000009451993,-1,0,1,0,0,0
0.024927200000092853,-33,-7,28,3,4,-1
0.0008154999995895196,-1,0,1,0,0,0
0.024179600000934443,-32,-6,26,3,4,-1
0.0009178000000247266,-1,0,1,0,0,0
0.02250070000081905,-31,-6,24,3,3,-1
0.0009385999983351212,-1,0,1,0,0,0
0.023570199999085162,-33,-6,24,3,4,-1
0.0008822000017971732,-1,0,1,0,0,0
0.024079200000414858,-34,-6,24,3,4,-1
0.000821399997221306,-1,0,1,0,0,0
0.02404920000117272,-35,-6,22,3,4,-1
0.0008273999992525205,-1,0,0,0,0,0
0.02370870000231662,-35,-5,21,3,4,-1
0.0008252999978139997,-1,0,1,0,0,0
0.02455080000072485,-37,-5,21,3,5,-1
0.0007976999986567535,-1,0,0,0,0,0
0.024705800002266187,-38,-5,20,3,5,-1
0.0009658999988459982,-1,0,0,0,0,0
0.02343240000118385,-37,-5,18,3,5,-1
0.000793100000009872,-1,0,0,0,0,0
0.023244500000146218,-37,-4,17,3,5,-1
0.000904399999853922,-1,0,0,0,0,0
0.02352269999755663,-38,-4,17,3,5,-1
0.0008342000000993721,-1,0,0,0,0,0
0.024140700003044913,-40,-4,16,3,5,-1
0.0009198999978252687,-1,0,0,0,0,0
0.023542599999927916,-39,-4,15,3,5,-1
0.000784100000601029,-1,0,0,0,0,0
0.0231978000010713,-39,-4,14,3,5,-1
0.0008772000001044944,-1,0,0,0,0,0
0.023502599997300422,-40,-3,13,3,6,-1
0.0007691999999224208,-1,0,0,0,0,0
0.023747800001729047,-41,-3,13,3,6,-1
0.0008559999987483025,-1,0,0,0,0,0
0.023715200000879122,-41,-3,12,3,6,-1
0.0008392000017920509,-1,0,0,0,0,0
0.023958899997523986,-42,-3,12,3,6,-1
0.0008425000014540274,-1,0,0,0,0,0
0.02315939999971306,-42,-3,10,3,6,-1
0.0008267999983218033,-1,0,0,0,0,0
0.023285600000235718,-42,-2,9,3,6,-1
0.0008317000028910115,-1,0,0,0,0,0
0.023000499997579027,-42,-2,9,3,7,-1
0.0012420999992173165,-1,0,0,0,0,0
0.024191700002120342,-45,-2,9,4,7,-1
0.0012309000012464821,-1,0,0,0,0,0
0.023702899998170324,-44,-2,8,4,7,-1
0.0012730999987979885,-2,0,0,0,0,0
0.02332139999998617,-44,-2,6,4,7,-1
0.0011247000002185814,-1,0,0,0,0,0
0.02323149999938323,-44,-1,6,4,7,-1
0.0007992000028025359,-1,0,0,0,0,0
0.023706500000116648,-45,-1,5,4,7,-1
0.0008138999983202666,-1,0,0,0,0,0
0.02362110000103712,-45,-1,4,4,8,-1
0.0008095000011962838,-1,0,0,0,0,0
0.025345299996843096,-1,0,0,0,0,0
0.023218000002088957,-1,0,0,0,0,0
0.022993999999016523,-1,0,0,0,0,0
0.023019700001896126,-1,0,0,0,0,0
